nsim,mean_error,std_error,runs
50,0.06516040530973452,0.012557111344868145,2
75,0.04760488938053098,,2
100,0.05574229469026548,,2
